max_features,min_samples_leaf,min_samples_split,random_state,bootstrap_false,bootstrap_true,"criterion_""entropy""","criterion_""gini""","strategy_""mean""","strategy_""median""","strategy_""most_frequent""",sparse_false,sparse_true,n_estimators
0.047639947427951794,0.8250859251006586,0.0003786511630007695,7.061407277995536e-05,0.022268894182360624,0.0134313285392718,0.0003134073677489284,0.00015456506305626784,4.506780809631064e-06,3.967852722059405e-06,2.121972841150641e-06,2.4533734820814704e-06,3.2854636564608452e-06,
0.21740933500029214,0.667209627958389,0.003022123928060173,0.00015073246494131482,0.020934787479790325,0.013435842986220005,1.628641813230476e-05,1.4700251424984986e-05,3.0168859887692858e-06,1.950606080156517e-06,1.2700164026932671e-06,2.9559360546414035e-06,1.018978401689524e-06,
0.4612175451904894,0.021495381311632505,0.000594438686399181,0.0004557082066743971,0.1477458815560898,0.18996080723378475,0.006495798720173591,0.005005079938168618,0.00014532640431219542,4.4468838260094634e-05,3.480362415220545e-05,0.00017677496756574344,8.044745260458602e-08,
0.3890471261971012,0.20996035094477777,0.0009493286026726588,0.0013778561158079065,0.021853547780162443,0.010257561779061198,0.04490748682533667,0.016305278961402783,4.3063327846828696e-05,4.412907244909622e-05,4.462169433617303e-05,3.129149981937484e-05,2.352759528289795e-05,
0.4296316667724188,0.34037072611745456,0.0012654930138051095,0.0006030706784077885,0.0056394562131701995,0.008847205727922785,0.011901520214833941,0.004992238878722938,0.0001119190821702887,2.674863678287455e-05,6.952594293284859e-05,4.924081491602516e-05,3.711377628657479e-05,
0.7659169757125442,0.020984777246768095,0.00041826468149668347,0.0008207314483958659,0.016060414250833065,0.030616317725497146,0.0013552617972712895,0.0024857278591227305,0.0013447045712193123,5.470462519128256e-05,3.4243923950693235e-05,4.5713453476404777e-08,9.616282071826128e-13,
0.6464290467436797,0.17568944253822127,0.001018383366149985,0.003032456917495651,0.0029624569594326874,0.003193905876361079,0.00010772799508251282,7.731316994659485e-05,3.977388459628524e-05,2.115685382586099e-05,0.0001145940964976557,5.901480900302114e-05,3.689214447547015e-05,0.0002260884342202293
0.3068809053187621,0.10173764975624713,0.005821228511411474,0.010553766708819063,0.0030102309178119224,0.006264289361100135,0.0009368235586790009,0.00035671268421700475,0.0002378567736608822,0.00027017793747992786,8.935095627738396e-05,0.00018789854961766012,0.00024742343968187634,0.09831256212300185
0.4898847807002109,0.2764323596056517,0.001329196972520716,0.0013670856747378553,0.013315178925957884,0.007641379414725638,7.350227686589562e-05,5.435408004585676e-05,7.103032993637616e-05,2.0864507227824482e-05,6.914524525900777e-05,0.00017812310295390715,6.579071122782841e-05,0.00011647832800642109
0.3836113242751893,0.19659426671058702,0.009380885541364119,0.0028839300374322316,0.01143295511620233,0.04721568789707888,0.0031405218244628407,0.002332655075974675,0.00024098872712357885,0.00015414038556660494,0.0005578407489964515,0.00013522274153175131,0.00015709850883686074,0.007736505509813047
0.6185801604277004,0.23802063039996835,0.0010120097944970885,0.0005526787507109018,0.0018252473007445702,0.0012338575687219824,6.232070840309081e-05,3.249653364043729e-05,2.7038667373187137e-05,5.376289427127279e-05,0.00040678423114202727,1.2390208256497874e-05,7.768196283555921e-05,1.0056776822427539e-05
0.1136050857731714,0.082124085462338,0.006903983360511628,0.003956359844185495,0.03007214609155344,0.01189357360976113,0.0018424585092787489,0.0011483740014010628,0.0035023675423227914,0.0002992208664781502,0.01627510534718141,8.00149616868897e-06,6.962256650507449e-05,0.0028454123990136167
0.2223456242958779,0.20884574329281014,0.0017284711279134867,0.004275824486801195,0.006073111215610777,0.006194788719165499,0.004845244831038764,0.001137715522541719,5.7810607606102236e-05,4.216256777973257e-05,0.00010509923434147773,8.774776907214888e-06,2.9062042453305157e-05,0.00015055456575197555
0.31395134152468834,0.44467895283906067,0.0019608676895044117,0.0021196596818078544,0.0074249148038203336,0.0042831166002883485,0.002190622199101504,0.002912567446956842,3.289646249490307e-05,6.011302563946856e-05,6.195045338270749e-05,0.0001342806318437935,6.685404116237861e-05,3.997785931125004e-07
0.216303273505573,0.036123226550398894,0.003417061702757993,0.005718645914228379,0.009578199031951805,0.015006906197491909,0.0010515439579316626,0.000537626810872593,0.000230686011525764,0.00018925441074079305,0.00012592353986934856,2.403840231332962e-07,3.641540503009804e-05,0.01141539608270801
0.073941172769858,0.6472238658546879,0.0014606719649777411,0.0014101225029943252,0.017760530033084768,0.014077591446283462,0.027008613003859334,0.00989618956475433,3.5174568349023e-05,2.179792765525278e-05,6.038497108817574e-05,8.089690625512428e-05,5.408810230581471e-05,2.8343117032730685e-09
0.5509074953385602,0.18698231885523214,0.002059295976323725,0.006087430866317274,0.0013546124363749224,0.0008582420489213339,0.00016653280360316963,4.630732129582161e-05,0.0009448122881799572,4.364951279857165e-05,8.368873793478388e-05,0.00014344696256905916,8.681558093610414e-05,0.035595283838659134
0.394567214990888,0.3578408090009153,0.0005785924969061582,0.000265957853220677,0.006869800513551938,0.013925577756776907,1.3809872900146529e-05,1.0441601719022934e-05,1.3191028417319892e-05,9.422741640954276e-06,1.011281772447539e-05,8.28978879060968e-05,1.944739865855415e-05,0.0003271873117868316
0.04438232185146557,0.6488920949333341,0.0020806024971910136,0.0009458884456968606,0.003180849716998999,0.007474124164224141,0.0024709070918062376,0.012601345238165303,5.425664352100948e-05,6.697456714443378e-05,6.923839718326322e-05,3.776312471870578e-08,1.6751486148659724e-07,1.1992021511682264e-07
0.5014398357861332,0.3358271491531192,0.0010409422326657803,0.0008205329261017039,0.024469763487435646,0.013581903771424477,0.0006585759815466106,0.00031191378498929886,2.2097884277066303e-05,0.00011012357246074291,8.147565227689835e-05,0.00014557943219999697,3.60780727220077e-05,2.459063101478582e-06
0.1644064500844942,0.6419393844622385,0.004462238054118007,0.001906789373329579,0.011259907529901808,0.012179853271132482,0.0001857210925973606,0.00010405424058736495,7.41848177192031e-05,7.025420800321807e-05,0.00020244643188777989,0.0002847958379971211,0.00011550593113002675,6.606275160485315e-05
0.1870502942044821,0.4356802415352171,0.0007249723682476235,0.00472228815046215,0.005641349876259019,0.012484598890999931,0.0008785974637731103,0.0004374848066980551,0.00012768983050986618,0.0004020034873124715,7.41775562984785e-05,2.8495701346963664e-08,1.4094227572575e-06,0.003489628759244476
0.5045883001330254,0.26065607953624775,0.0006119055132859489,0.007689714098732662,0.009604787793835884,0.011657629031053707,0.0008465026906372481,0.0011114561317123203,2.9835545192697294e-05,8.151713585865844e-05,5.9173516454234234e-05,8.75096140984496e-05,7.858444435535089e-05,9.338171690463803e-06
0.23657693952458628,0.6567649667657282,0.0030080745699406185,0.0002984422568728602,0.0040559309587574685,0.006576631301768678,0.00018037974494291957,0.00019962890930057503,5.110995566974609e-06,7.460985122914557e-06,7.836005919296204e-06,5.815223845624232e-07,9.61928665355793e-10,2.585556098914957e-08
0.6524006753277618,0.18914097764405852,0.0005873564622104451,0.0004485588759632406,0.0019373774091090501,0.0018917217917047166,0.0007000871053012914,0.00025435040516569486,1.2497850946620892e-05,6.27097951621787e-06,6.26970499606243e-06,7.582618743009855e-08,0.0008909572881965938,2.2449830596678097e-08
0.29132411399521696,0.21383657513168755,0.004649676903280272,0.003085038997140181,0.010847539299957739,0.012980591368118206,0.0002475365521968573,0.00014303693558563878,0.00012839091604092143,0.00011109853668849472,0.00010340405088769318,7.266223583600853e-09,5.432761410083295e-07,2.8389867635813108e-15
0.4942365079753452,0.3090867922115347,0.0010968151797142703,5.083946000075336e-05,0.009955757834122564,0.010446009772196892,1.9896694761908378e-05,1.2530402718071544e-05,4.754955804943874e-06,1.2376844923977223e-06,1.5407226707851498e-06,,,0.0005099950455170136
0.08496220308293234,0.3830985422135867,0.011912879439364383,0.006798960410096936,0.02437228087327708,0.024333006986801166,0.0023308204521694307,0.006016923242189562,0.0007945982941224912,0.0003739227416866466,0.0001997702730989065,0.00019645221248936552,0.0002558509493795454,
0.3201936469487013,0.04039504689764038,0.005493559063227911,0.005766395032008811,0.06082948442626411,0.038036137480029576,0.0029747026614360622,0.0024029038883062663,0.000622648403822048,0.0009170780605045307,0.0002803819834295805,0.002197603823659,0.0005228264385721459,
0.26255756192263796,0.12561375165800182,0.0017131955944491484,0.00410234418733856,0.013414188464560602,0.010098190871032153,0.00013719043280484278,0.0003822384750994623,0.0004268759706858859,0.0001426713160388114,0.00012330647532351473,3.191220950882141e-05,0.00014872344663844855,0.01835520958100981
0.1104489239192372,0.19197369649182414,0.002787033768993246,0.002817359713961398,0.04472406856879558,0.008504913984809358,0.0004021062126524169,0.0003155495842178952,0.000130546644694298,8.885527528532497e-05,0.0001483576496357519,5.0310996133480545e-06,0.0017300878267244313,
0.22792004840801067,0.07970940858965993,0.0026477864997797784,0.005101061855885808,0.08633044613046906,0.1022814689796701,0.0002629217727592049,0.00019453724565402425,0.0002026048182229557,0.0005030633931015322,0.00022829930451935036,0.00031619828091921477,8.448013695961184e-05,0.01586951071123383
0.1114201372375773,0.387693873817457,0.006063098444467055,0.0049834705844820455,0.0038488600477217466,0.0170425046077344,0.0001166080465160806,0.0001011022635702999,0.0004879887544894845,0.000284137759209687,0.0003124360331377109,0.00010161062044970534,0.00013253992826281306,
0.252865004414148,0.14056594702512196,0.0024659221114078245,0.00364387321692298,0.08009147584205667,0.027060520709234093,9.085299038703032e-05,4.0608465584278706e-05,8.948378597946756e-05,2.3950472179711078e-05,4.2740681335472796e-05,8.546415167276088e-05,3.169544179547053e-05,
0.24742146776628154,0.44255028794363666,0.0028522974467370486,0.00105556052245718,0.001727318263827601,0.0021412618316936347,0.002840189773553034,0.0012777833470231353,3.484255634909088e-05,4.910627675160919e-05,4.78751603513789e-05,3.0682286365946428e-06,6.640714502607219e-07,8.432962994060832e-12
0.025083569299615464,0.7832502216691021,0.007201690003734265,0.0009389470888608918,0.016565902554061956,0.03588219111475029,0.00038513854052342277,0.0004005502131901598,3.226368495919946e-05,2.89547937056316e-05,5.017605374381116e-05,4.162990629937874e-05,0.00010698928859604153,1.6178727726599528e-08
0.11060503450920997,0.4201334086812767,0.004672362840509063,0.004871507943000375,0.005068039599158232,0.0031747292635759625,0.006416358464884468,0.014837903863379845,0.000244614612800996,0.0005463990558840499,0.00010428840335078547,0.00020512220845732445,0.00015646240312481706,6.942701923296312e-08
0.5323753301490562,0.2418606323889531,0.001227753779816565,0.0011188400049660938,0.004156975443066195,0.00388866507856787,0.003957957560340792,0.0025073693197459495,7.613195341747035e-05,0.00010379442514139837,0.00010558113331022285,0.00016996441656391538,0.0002858998462587402,
0.48466357574150365,0.3961159964311579,0.0007338756860852912,0.00047155941922958754,0.0009089657829616121,0.0008467774526302783,2.5983428589956438e-05,3.481771272006232e-05,2.834153114552509e-05,6.555828707519037e-05,8.458680294720344e-05,1.3168965665156672e-05,1.2780201905256999e-05,1.190146430748515e-10
0.4773054552260005,0.030682500003883277,0.001379782655695592,0.002062045472810631,0.08534775055882177,0.028054744440729626,0.0027516542936708143,0.0070746297921499,6.901950022426649e-05,5.1468689701027575e-05,7.422913987141795e-05,0.010459220925134982,0.0008192560678882293,0.0009462501672743771
0.30405178983133985,0.026365266424160247,0.0004726687076005453,0.05185713633043549,0.060356257707390004,0.040043416772209794,0.00036563267253432983,0.0022652731295366713,7.62075094136751e-05,0.00015719365224327097,0.00025859708468719894,0.00026227282181170595,2.3081694507945184e-05,0.24367530208846047
0.08042998437833648,0.7122661708252319,0.002273003279246961,0.0013894388498749705,0.02002041512319306,0.01526680380147983,0.0015166321245758906,0.00036048296687532283,6.643585235370022e-05,9.359194468211969e-05,0.00012741646643041305,4.573325425329262e-05,8.514675859163366e-05,
0.2427249469025119,0.18922973772193763,0.004367678862319133,0.0032282654675095356,0.023332784824042725,0.01687026309668351,0.009136819892944842,0.0032245128359292942,0.00013773833271282172,6.987241995047996e-05,0.0005797504089956932,0.0003228051839681929,0.0002440325261030199,1.5438957911794066e-07
0.14897738238012814,0.7058682195595697,0.00016502473949714936,0.0009942032894368774,0.0005598050070607207,0.00034119165963209837,0.007436820162609792,0.0037014832973930704,4.449073143496131e-05,1.2849244648436326e-05,1.95481214327261e-05,6.7037307589652735e-06,0.0007241022352548162,
0.04274656248793001,0.7270651068758758,0.004100202621825451,0.0012734906274789258,0.028073195434565646,0.026651296381058454,0.00015003013798458624,0.0001122133354831816,3.926331678487012e-05,7.915415071681149e-05,2.6801843342720097e-05,3.318811086415116e-05,8.401406424143228e-05,
0.022636102409934307,0.6516791638960853,0.003721950922541079,0.002380790789938538,0.04367019670451469,0.018848448368238065,0.0006214836040545123,0.0014506354956134084,0.00010090878040803995,0.00025517176244180565,0.00010149192188718597,7.132264579348387e-05,6.912971797944588e-05,
0.05816938156027472,0.31696445800205353,0.008272561172565697,0.0023093686675124026,0.003989831967237885,0.004516488542848729,0.00012828907828881016,0.00016851960140563303,4.726628154018986e-05,0.00010297864212821837,6.232092183681212e-05,,,
0.471525925012428,0.03013164171294022,0.0038555367882525888,0.0036439068852595303,0.019710166136304257,0.02994930832950738,0.0021765063307590694,0.0020099015026225162,0.00015557166245742848,0.00014209556947385006,0.0002108441743490762,0.00040299451964334913,0.00015525367944372318,
0.06430807543028766,0.6840878952723317,0.007654376399242994,0.0009662772001480205,0.04175929958394116,0.01725151019703958,0.0016571016462943898,0.00047256017460606725,6.061947958141826e-05,9.525730069257177e-05,0.00021735544716301012,0.00010482045574436444,0.00021434733843435328,
0.20919778507000758,0.1744348045399543,0.004894711167984837,0.004110524386738805,0.04280050748429418,0.04871170706034915,0.0001939629226450439,0.00018517389384411072,0.00025063117625484803,0.0001601102060357743,6.239143467920988e-05,0.007863976564546286,0.017193162560822126,0.0
0.30149890836699256,0.5137431024603198,0.0015786037418557453,0.0016795597885169804,0.0052212192957299605,0.005721676434580566,0.004158822692566441,0.0031412729461956865,0.00013375116452019064,4.187882233160584e-05,4.4108002607612814e-05,4.070538128728904e-05,4.265300575797373e-05,1.990174420114346e-13
0.1445212482807955,0.6342454693418118,0.0010600143159520139,0.0013988451423734812,0.01180407035786002,0.020607076887175002,0.0006814063590960743,0.0006258804755981139,0.00012340165004349774,0.00010270892704068697,5.4735454952329306e-05,,,
